<?xml version="1.0" encoding="UTF-8"?>
<GenRun Id="impl_1" LaunchPart="xc7a35tcpg236-1" LaunchTime="1670037273">
  <File Type="PWROPT-DCP" Name="display_pwropt.dcp"/>
  <File Type="ROUTE-PWR" Name="display_power_routed.rpt"/>
  <File Type="PA-TCL" Name="display.tcl"/>
  <File Type="ROUTE-PWR-SUM" Name="display_power_summary_routed.pb"/>
  <File Type="REPORTS-TCL" Name="display_reports.tcl"/>
  <File Type="BG-DRC" Name="display.drc"/>
  <File Type="OPT-DCP" Name="display_opt.dcp"/>
  <File Type="OPT-HWDEF" Name="display.hwdef"/>
  <File Type="OPT-DRC" Name="display_drc_opted.rpt"/>
  <File Type="PLACE-DCP" Name="display_placed.dcp"/>
  <File Type="PLACE-IO" Name="display_io_placed.rpt"/>
  <File Type="PLACE-UTIL" Name="display_utilization_placed.rpt"/>
  <File Type="PLACE-UTIL-PB" Name="display_utilization_placed.pb"/>
  <File Type="PLACE-CTRL" Name="display_control_sets_placed.rpt"/>
  <File Type="PLACE-PRE-SIMILARITY" Name="display_incremental_reuse_pre_placed.rpt"/>
  <File Type="POSTPLACE-PWROPT-DCP" Name="display_postplace_pwropt.dcp"/>
  <File Type="PHYSOPT-DCP" Name="display_physopt.dcp"/>
  <File Type="BG-BIT" Name="display.bit"/>
  <File Type="ROUTE-ERROR-DCP" Name="display_routed_error.dcp"/>
  <File Type="ROUTE-DCP" Name="display_routed.dcp"/>
  <File Type="ROUTE-BLACKBOX-DCP" Name="display_routed_bb.dcp"/>
  <File Type="ROUTE-DRC" Name="display_drc_routed.rpt"/>
  <File Type="ROUTE-DRC-PB" Name="display_drc_routed.pb"/>
  <File Type="BITSTR-MSK" Name="display.msk"/>
  <File Type="ROUTE-DRC-RPX" Name="display_drc_routed.rpx"/>
  <File Type="BG-BGN" Name="display.bgn"/>
  <File Type="ROUTE-METHODOLOGY-DRC" Name="display_methodology_drc_routed.rpt"/>
  <File Type="BITSTR-RBT" Name="display.rbt"/>
  <File Type="ROUTE-METHODOLOGY-DRC-RPX" Name="display_methodology_drc_routed.rpx"/>
  <File Type="BG-BIN" Name="display.bin"/>
  <File Type="ROUTE-METHODOLOGY-DRC-PB" Name="display_methodology_drc_routed.pb"/>
  <File Type="ROUTE-PWR-RPX" Name="display_power_routed.rpx"/>
  <File Type="ROUTE-STATUS" Name="display_route_status.rpt"/>
  <File Type="ROUTE-STATUS-PB" Name="display_route_status.pb"/>
  <File Type="ROUTE-TIMINGSUMMARY" Name="display_timing_summary_routed.rpt"/>
  <File Type="ROUTE-TIMING-PB" Name="display_timing_summary_routed.pb"/>
  <File Type="ROUTE-TIMING-RPX" Name="display_timing_summary_routed.rpx"/>
  <File Type="RDI-RDI" Name="display.vdi"/>
  <File Type="ROUTE-CLK" Name="display_clock_utilization_routed.rpt"/>
  <File Type="POSTROUTE-PHYSOPT-DCP" Name="display_postroute_physopt.dcp"/>
  <File Type="POSTROUTE-PHYSOPT-BLACKBOX-DCP" Name="display_postroute_physopt_bb.dcp"/>
  <File Type="BITSTR-NKY" Name="display.nky"/>
  <File Type="BITSTR-BMM" Name="display_bd.bmm"/>
  <File Type="BITSTR-MMI" Name="display.mmi"/>
  <File Type="BITSTR-LTX" Name="display.ltx"/>
  <File Type="BITSTR-SYSDEF" Name="display.sysdef"/>
  <File Type="WBT-USG" Name="usage_statistics_webtalk.html"/>
  <FileSet Name="sources" Type="DesignSrcs" RelSrcDir="$PSRCDIR/sources_1">
    <Filter Type="Srcs"/>
    <File Path="$PSRCDIR/sources_1/new/ALU.v">
      <FileInfo>
        <Attr Name="UsedIn" Val="synthesis"/>
        <Attr Name="UsedIn" Val="implementation"/>
        <Attr Name="UsedIn" Val="simulation"/>
      </FileInfo>
    </File>
    <File Path="$PSRCDIR/sources_1/new/ALUControl.v">
      <FileInfo>
        <Attr Name="UsedIn" Val="synthesis"/>
        <Attr Name="UsedIn" Val="implementation"/>
        <Attr Name="UsedIn" Val="simulation"/>
      </FileInfo>
    </File>
    <File Path="$PSRCDIR/sources_1/new/Adder.v">
      <FileInfo>
        <Attr Name="UsedIn" Val="synthesis"/>
        <Attr Name="UsedIn" Val="implementation"/>
        <Attr Name="UsedIn" Val="simulation"/>
      </FileInfo>
    </File>
    <File Path="$PSRCDIR/sources_1/new/CPU.v">
      <FileInfo>
        <Attr Name="UsedIn" Val="synthesis"/>
        <Attr Name="UsedIn" Val="implementation"/>
        <Attr Name="UsedIn" Val="simulation"/>
      </FileInfo>
    </File>
    <File Path="$PSRCDIR/sources_1/new/Control.v">
      <FileInfo>
        <Attr Name="UsedIn" Val="synthesis"/>
        <Attr Name="UsedIn" Val="implementation"/>
        <Attr Name="UsedIn" Val="simulation"/>
      </FileInfo>
    </File>
    <File Path="$PSRCDIR/sources_1/new/DataMem.v">
      <FileInfo>
        <Attr Name="UsedIn" Val="synthesis"/>
        <Attr Name="UsedIn" Val="implementation"/>
        <Attr Name="UsedIn" Val="simulation"/>
      </FileInfo>
    </File>
    <File Path="$PSRCDIR/sources_1/new/EXMEM_Registers.v">
      <FileInfo>
        <Attr Name="UsedIn" Val="synthesis"/>
        <Attr Name="UsedIn" Val="implementation"/>
        <Attr Name="UsedIn" Val="simulation"/>
      </FileInfo>
    </File>
    <File Path="$PSRCDIR/sources_1/new/ForwardingUnit.v">
      <FileInfo>
        <Attr Name="UsedIn" Val="synthesis"/>
        <Attr Name="UsedIn" Val="implementation"/>
        <Attr Name="UsedIn" Val="simulation"/>
      </FileInfo>
    </File>
    <File Path="$PSRCDIR/sources_1/new/ForwardingUnit1.v">
      <FileInfo>
        <Attr Name="UsedIn" Val="synthesis"/>
        <Attr Name="UsedIn" Val="implementation"/>
        <Attr Name="UsedIn" Val="simulation"/>
      </FileInfo>
    </File>
    <File Path="$PSRCDIR/sources_1/new/ForwordingUnit2.v">
      <FileInfo>
        <Attr Name="UsedIn" Val="synthesis"/>
        <Attr Name="UsedIn" Val="implementation"/>
        <Attr Name="UsedIn" Val="simulation"/>
      </FileInfo>
    </File>
    <File Path="$PSRCDIR/sources_1/new/HazardDetectUnit.v">
      <FileInfo>
        <Attr Name="UsedIn" Val="synthesis"/>
        <Attr Name="UsedIn" Val="implementation"/>
        <Attr Name="UsedIn" Val="simulation"/>
      </FileInfo>
    </File>
    <File Path="$PSRCDIR/sources_1/new/IDEX_Registers.v">
      <FileInfo>
        <Attr Name="UsedIn" Val="synthesis"/>
        <Attr Name="UsedIn" Val="implementation"/>
        <Attr Name="UsedIn" Val="simulation"/>
      </FileInfo>
    </File>
    <File Path="$PSRCDIR/sources_1/new/IFID_Registers.v">
      <FileInfo>
        <Attr Name="UsedIn" Val="synthesis"/>
        <Attr Name="UsedIn" Val="implementation"/>
        <Attr Name="UsedIn" Val="simulation"/>
      </FileInfo>
    </File>
    <File Path="$PSRCDIR/sources_1/new/InsMem.v">
      <FileInfo>
        <Attr Name="UsedIn" Val="synthesis"/>
        <Attr Name="UsedIn" Val="implementation"/>
        <Attr Name="UsedIn" Val="simulation"/>
      </FileInfo>
    </File>
    <File Path="$PSRCDIR/sources_1/new/MEMWB_Regisers.v">
      <FileInfo>
        <Attr Name="UsedIn" Val="synthesis"/>
        <Attr Name="UsedIn" Val="implementation"/>
        <Attr Name="UsedIn" Val="simulation"/>
      </FileInfo>
    </File>
    <File Path="$PSRCDIR/sources_1/new/Mulx.v">
      <FileInfo>
        <Attr Name="UsedIn" Val="synthesis"/>
        <Attr Name="UsedIn" Val="implementation"/>
        <Attr Name="UsedIn" Val="simulation"/>
      </FileInfo>
    </File>
    <File Path="$PSRCDIR/sources_1/new/PC.v">
      <FileInfo>
        <Attr Name="UsedIn" Val="synthesis"/>
        <Attr Name="UsedIn" Val="implementation"/>
        <Attr Name="UsedIn" Val="simulation"/>
      </FileInfo>
    </File>
    <File Path="$PSRCDIR/sources_1/new/PCAdder4.v">
      <FileInfo>
        <Attr Name="UsedIn" Val="synthesis"/>
        <Attr Name="UsedIn" Val="implementation"/>
        <Attr Name="UsedIn" Val="simulation"/>
      </FileInfo>
    </File>
    <File Path="$PSRCDIR/sources_1/new/Registers.v">
      <FileInfo>
        <Attr Name="UsedIn" Val="synthesis"/>
        <Attr Name="UsedIn" Val="implementation"/>
        <Attr Name="UsedIn" Val="simulation"/>
      </FileInfo>
    </File>
    <File Path="$PSRCDIR/sources_1/new/display.v">
      <FileInfo>
        <Attr Name="UsedIn" Val="synthesis"/>
        <Attr Name="UsedIn" Val="implementation"/>
        <Attr Name="UsedIn" Val="simulation"/>
      </FileInfo>
    </File>
    <Config>
      <Option Name="DesignMode" Val="RTL"/>
      <Option Name="TopModule" Val="display"/>
      <Option Name="TopAutoSet" Val="TRUE"/>
    </Config>
  </FileSet>
  <FileSet Name="constrs_in" Type="Constrs" RelSrcDir="$PSRCDIR/constrs_1">
    <Filter Type="Constrs"/>
    <File Path="$PSRCDIR/constrs_1/new/display.xdc">
      <FileInfo>
        <Attr Name="UsedIn" Val="synthesis"/>
        <Attr Name="UsedIn" Val="implementation"/>
      </FileInfo>
    </File>
    <Config>
      <Option Name="ConstrsType" Val="XDC"/>
    </Config>
  </FileSet>
  <Strategy Version="1" Minor="2">
    <StratHandle Name="Vivado Implementation Defaults" Flow="Vivado Implementation 2018"/>
    <Step Id="init_design"/>
    <Step Id="opt_design"/>
    <Step Id="power_opt_design"/>
    <Step Id="place_design"/>
    <Step Id="post_place_power_opt_design"/>
    <Step Id="phys_opt_design"/>
    <Step Id="route_design"/>
    <Step Id="post_route_phys_opt_design"/>
    <Step Id="write_bitstream"/>
  </Strategy>
</GenRun>
